<?xml version="1.0"?>
<!--
Licensed to the Apache Software Foundation (ASF) under one or more
contributor license agreements.  See the NOTICE file distributed with
this work for additional information regarding copyright ownership.
The ASF licenses this file to You under the Apache License, Version 2.0
(the "License"); you may not use this file except in compliance with
the License.  You may obtain a copy of the License at

     http://www.apache.org/licenses/LICENSE-2.0

Unless required by applicable law or agreed to in writing, software
distributed under the License is distributed on an "AS IS" BASIS,
WITHOUT WARRANTIES OR CONDITIONS OF ANY KIND, either express or implied.
See the License for the specific language governing permissions and
limitations under the License.
-->
<document>
 <properties>
  <title>Building</title>
  <author email="dev@commons.apache.org">Commons Documentation Team</author>
 </properties>
<body>
<!-- ================================================== -->
<section name="Overview">
<p>
  Commons BeanUtils can be built using
  <a href="http://maven.apache.org">Maven 2</a> or
  <a href="http://ant.apache.org">Ant</a> as the build system.
</p>
  <p>
	Further details can be found in the
	<a href="http://commons.apache.org/building.html">commons build instructions</a>.
  </p>
</section>
<!-- ================================================== -->
<section name="Maven 2 Goals">
  <p>
    To build a jar file, change into BeanUtils's root directory and run 
    <strong><code>mvn package</code></strong>.
    The result will be in the "target" subdirectory.
  </p>
  <p>
    To build the full website, run <strong><code>mvn site</code></strong>.
    The result will be in "target/site" subdirectory.
  </p>
  <p>
    To build the full distribution, run <strong><code>mvn -Prc package</code></strong>.
    The result will be in "target" subdirectory.
  </p>
</section>
<!-- ================================================== -->
<section name="Ant Goals">
  <p>
    To build a jar file and the javadocs, change into BeanUtils's root directory
    and run <strong><code>ant dist</code></strong>.
    The result will be in the "dist" subdirectory.
  </p>
</section>
</body>
</document>
