<?xml version='1.0' encoding='UTF-8'?>
<!--
 * Copyright 2001-2004 The Apache Software Foundation.
 *
 * Licensed under the Apache License, Version 2.0 (the "License");
 * you may not use this file except in compliance with the License.
 * You may obtain a copy of the License at
 *
 *     http://www.apache.org/licenses/LICENSE-2.0
 *
 * Unless required by applicable law or agreed to in writing, software
 * distributed under the License is distributed on an "AS IS" BASIS,
 * WITHOUT WARRANTIES OR CONDITIONS OF ANY KIND, either express or implied.
 * See the License for the specific language governing permissions and
 * limitations under the License.
-->
<!DOCTYPE s1 SYSTEM 'dtd/document.dtd'>
<s1 title='UI Samples'>
 <!--
   - REVISIT: The UI samples should be completely rewritten.
   -
 <anchor name='DOMTree'/>
 <s2 title='Sample ui.DOMTree'>
  <p><strong>TODO</strong></p>
 </s2>
 <anchor name='DOMTreeFull'/>
 <s2 title='Sample ui.DOMTreeFull'>
  <p><strong>TODO</strong></p>
 </s2>
 <p><strong>TODO</strong></p>
 <s2 title='Sample ui.TreeView'>
 </s2>
 <anchor name='TreeViewer'/>
 <s2 title='Sample ui.TreeViewer'>
  <p><strong>TODO</strong></p>
 </s2>
 -->
 <p><strong>TODO</strong></p>
</s1>
